{
  "/Users/khalder/Documents/DevYuga/PROG8840/lab-04": {
    "versionSfCore": null,
    "versionFramework": "4.4.7",
    "isWithinCompose": false,
    "isCompose": false,
    "composeOrgName": null,
    "composeResolverProviders": {
      "default-aws-credential-resolver": "<REDACTED>"
    },
    "composeServiceName": null,
    "servicePath": "/Users/khalder/Documents/DevYuga/PROG8840/lab-04",
    "serviceConfigFileName": "serverless.yml",
    "service": {
      "service": "aws-python-flask-book-api",
      "custom": {
        "wsgi": {
          "app": "main.app"
        }
      },
      "provider": {
        "name": "aws",
        "runtime": "python3.9",
        "lambdaHashingVersion": "20201221",
        "stage": "dev",
        "region": "us-east-1",
        "versionFunctions": true,
        "compiledCloudFormationTemplate": {
          "AWSTemplateFormatVersion": "2010-09-09",
          "Description": "The AWS CloudFormation template for this Serverless application",
          "Resources": {
            "ApiLogGroup": {
              "Type": "AWS::Logs::LogGroup",
              "Properties": {
                "LogGroupName": "/aws/lambda/aws-python-flask-book-api-dev-api"
              }
            },
            "IamRoleLambdaExecution": {
              "Type": "AWS::IAM::Role",
              "Properties": {
                "AssumeRolePolicyDocument": {
                  "Version": "2012-10-17",
                  "Statement": [
                    {
                      "Effect": "Allow",
                      "Principal": {
                        "Service": [
                          "lambda.amazonaws.com"
                        ]
                      },
                      "Action": [
                        "sts:AssumeRole"
                      ]
                    }
                  ]
                },
                "Policies": [
                  {
                    "PolicyName": {
                      "Fn::Join": [
                        "-",
                        [
                          "aws-python-flask-book-api",
                          "dev",
                          "lambda"
                        ]
                      ]
                    },
                    "PolicyDocument": {
                      "Version": "2012-10-17",
                      "Statement": [
                        {
                          "Effect": "Allow",
                          "Action": [
                            "logs:CreateLogStream",
                            "logs:CreateLogGroup",
                            "logs:TagResource"
                          ],
                          "Resource": [
                            {
                              "Fn::Sub": "arn:${AWS::Partition}:logs:${AWS::Region}:${AWS::AccountId}:log-group:/aws/lambda/aws-python-flask-book-api-dev*:*"
                            }
                          ]
                        },
                        {
                          "Effect": "Allow",
                          "Action": [
                            "logs:PutLogEvents"
                          ],
                          "Resource": [
                            {
                              "Fn::Sub": "arn:${AWS::Partition}:logs:${AWS::Region}:${AWS::AccountId}:log-group:/aws/lambda/aws-python-flask-book-api-dev*:*:*"
                            }
                          ]
                        }
                      ]
                    }
                  }
                ],
                "Path": "/",
                "RoleName": {
                  "Fn::Join": [
                    "-",
                    [
                      "aws-python-flask-book-api",
                      "dev",
                      {
                        "Ref": "AWS::Region"
                      },
                      "lambdaRole"
                    ]
                  ]
                }
              }
            },
            "ApiLambdaFunction": {
              "Type": "AWS::Lambda::Function",
              "Properties": {
                "Code": {
                  "S3Bucket": "serverless-framework-deployments-us-east-1-673e69d0-e938",
                  "S3Key": "serverless/aws-python-flask-book-api/dev/1731046148938-2024-11-08T06:09:08.938Z/aws-python-flask-book-api.zip"
                },
                "Handler": "wsgi_handler.handler",
                "Runtime": "python3.9",
                "FunctionName": "aws-python-flask-book-api-dev-api",
                "MemorySize": 1024,
                "Timeout": 6,
                "Role": {
                  "Fn::GetAtt": [
                    "IamRoleLambdaExecution",
                    "Arn"
                  ]
                }
              },
              "DependsOn": [
                "ApiLogGroup"
              ]
            },
            "ApiLambdaVersionC81UkencCxFak44IKuZu3uTiHjeJYUef66pXN7l3pY": {
              "Type": "AWS::Lambda::Version",
              "DeletionPolicy": "Retain",
              "Properties": {
                "FunctionName": {
                  "Ref": "ApiLambdaFunction"
                },
                "CodeSha256": "IXKMKwh2bzX4EwuvWIygG/eDmb6U9Mbx9KpXBD4set4="
              }
            },
            "ApiGatewayRestApi": {
              "Type": "AWS::ApiGateway::RestApi",
              "Properties": {
                "Name": "dev-aws-python-flask-book-api",
                "EndpointConfiguration": {
                  "Types": [
                    "EDGE"
                  ]
                },
                "Policy": ""
              }
            },
            "ApiGatewayResourceProxyVar": {
              "Type": "AWS::ApiGateway::Resource",
              "Properties": {
                "ParentId": {
                  "Fn::GetAtt": [
                    "ApiGatewayRestApi",
                    "RootResourceId"
                  ]
                },
                "PathPart": "{proxy+}",
                "RestApiId": {
                  "Ref": "ApiGatewayRestApi"
                }
              }
            },
            "ApiGatewayMethodAny": {
              "Type": "AWS::ApiGateway::Method",
              "Properties": {
                "HttpMethod": "ANY",
                "RequestParameters": {},
                "ResourceId": {
                  "Fn::GetAtt": [
                    "ApiGatewayRestApi",
                    "RootResourceId"
                  ]
                },
                "RestApiId": {
                  "Ref": "ApiGatewayRestApi"
                },
                "ApiKeyRequired": "<REDACTED>",
                "AuthorizationType": "NONE",
                "Integration": {
                  "IntegrationHttpMethod": "POST",
                  "Type": "AWS_PROXY",
                  "Uri": {
                    "Fn::Join": [
                      "",
                      [
                        "arn:",
                        {
                          "Ref": "AWS::Partition"
                        },
                        ":apigateway:",
                        {
                          "Ref": "AWS::Region"
                        },
                        ":lambda:path/2015-03-31/functions/",
                        {
                          "Fn::GetAtt": [
                            "ApiLambdaFunction",
                            "Arn"
                          ]
                        },
                        "/invocations"
                      ]
                    ]
                  }
                },
                "MethodResponses": []
              },
              "DependsOn": [
                "ApiLambdaPermissionApiGateway"
              ]
            },
            "ApiGatewayMethodProxyVarAny": {
              "Type": "AWS::ApiGateway::Method",
              "Properties": {
                "HttpMethod": "ANY",
                "RequestParameters": {},
                "ResourceId": {
                  "Ref": "ApiGatewayResourceProxyVar"
                },
                "RestApiId": {
                  "Ref": "ApiGatewayRestApi"
                },
                "ApiKeyRequired": "<REDACTED>",
                "AuthorizationType": "NONE",
                "Integration": {
                  "IntegrationHttpMethod": "POST",
                  "Type": "AWS_PROXY",
                  "Uri": {
                    "Fn::Join": [
                      "",
                      [
                        "arn:",
                        {
                          "Ref": "AWS::Partition"
                        },
                        ":apigateway:",
                        {
                          "Ref": "AWS::Region"
                        },
                        ":lambda:path/2015-03-31/functions/",
                        {
                          "Fn::GetAtt": [
                            "ApiLambdaFunction",
                            "Arn"
                          ]
                        },
                        "/invocations"
                      ]
                    ]
                  }
                },
                "MethodResponses": []
              },
              "DependsOn": [
                "ApiLambdaPermissionApiGateway"
              ]
            },
            "ApiGatewayDeployment1731046141882": {
              "Type": "AWS::ApiGateway::Deployment",
              "Properties": {
                "RestApiId": {
                  "Ref": "ApiGatewayRestApi"
                },
                "StageName": "dev"
              },
              "DependsOn": [
                "ApiGatewayMethodAny",
                "ApiGatewayMethodProxyVarAny"
              ]
            },
            "ApiLambdaPermissionApiGateway": {
              "Type": "AWS::Lambda::Permission",
              "Properties": {
                "FunctionName": {
                  "Fn::GetAtt": [
                    "ApiLambdaFunction",
                    "Arn"
                  ]
                },
                "Action": "lambda:InvokeFunction",
                "Principal": "apigateway.amazonaws.com",
                "SourceArn": {
                  "Fn::Join": [
                    "",
                    [
                      "arn:",
                      {
                        "Ref": "AWS::Partition"
                      },
                      ":execute-api:",
                      {
                        "Ref": "AWS::Region"
                      },
                      ":",
                      {
                        "Ref": "AWS::AccountId"
                      },
                      ":",
                      {
                        "Ref": "ApiGatewayRestApi"
                      },
                      "/*/*"
                    ]
                  ]
                }
              }
            }
          },
          "Outputs": {
            "ServerlessDeploymentBucketName": {
              "Value": "serverless-framework-deployments-us-east-1-673e69d0-e938",
              "Export": {
                "Name": "sls-aws-python-flask-book-api-dev-ServerlessDeploymentBucketName"
              }
            },
            "ApiLambdaFunctionQualifiedArn": {
              "Description": "Current Lambda function version",
              "Value": {
                "Ref": "ApiLambdaVersionC81UkencCxFak44IKuZu3uTiHjeJYUef66pXN7l3pY"
              },
              "Export": {
                "Name": "sls-aws-python-flask-book-api-dev-ApiLambdaFunctionQualifiedArn"
              }
            },
            "ServiceEndpoint": {
              "Description": "URL of the service endpoint",
              "Value": {
                "Fn::Join": [
                  "",
                  [
                    "https://",
                    {
                      "Ref": "ApiGatewayRestApi"
                    },
                    ".execute-api.",
                    {
                      "Ref": "AWS::Region"
                    },
                    ".",
                    {
                      "Ref": "AWS::URLSuffix"
                    },
                    "/dev"
                  ]
                ]
              },
              "Export": {
                "Name": "sls-aws-python-flask-book-api-dev-ServiceEndpoint"
              }
            }
          }
        },
        "vpc": {}
      },
      "functions": {
        "api": {
          "handler": "wsgi_handler.handler",
          "events": [
            {
              "http": {
                "path": "",
                "method": "any",
                "integration": "AWS_PROXY"
              }
            },
            {
              "http": {
                "path": "{proxy+}",
                "method": "any",
                "integration": "AWS_PROXY"
              }
            }
          ],
          "name": "aws-python-flask-book-api-dev-api",
          "package": {},
          "memory": 1024,
          "timeout": 6,
          "runtime": "python3.9",
          "vpc": {},
          "versionLogicalId": "ApiLambdaVersionC81UkencCxFak44IKuZu3uTiHjeJYUef66pXN7l3pY"
        }
      },
      "plugins": [
        "serverless-wsgi",
        "serverless-python-requirements"
      ]
    },
    "serviceRawFile": "service: aws-python-flask-book-api\n\ncustom:\n  wsgi:\n    app: main.app\n\nprovider:\n  name: aws\n  runtime: python3.9\n  lambdaHashingVersion: \"20201221\"\n\nfunctions:\n  api:\n    handler: wsgi_handler.handler\n    events:\n      - http:\n          path: /\n          method: ANY\n      - http:\n          path: /{proxy+}\n          method: ANY\n\nplugins:\n  - serverless-wsgi\n  - serverless-python-requirements\n",
    "command": [
      "deploy"
    ],
    "options": {},
    "error": null,
    "params": {},
    "machineId": "719303b8c7ac199479e709d8312f0d33",
    "stage": "dev",
    "accessKeyV2": "<REDACTED>",
    "accessKeyV1": "<REDACTED>",
    "orgId": "60dcd4b0-99a5-47d4-8c47-9f18244d36bd",
    "orgName": "saik4t",
    "userId": "Cv6M4gthqvQk5nNcvp",
    "dashboard": {
      "isEnabledForService": false,
      "requiredAuthentication": false,
      "orgFeaturesInUse": null,
      "orgObservabilityIntegrations": null,
      "serviceAppId": null,
      "serviceProvider": null,
      "instanceParameters": null
    },
    "userName": "saik4t",
    "subscription": null,
    "userEmail": "kumar.halder@5x5.ai",
    "serviceProviderAwsRegion": "us-east-1",
    "serviceProviderAwsCredentials": "<REDACTED>",
    "serviceProviderAwsAccountId": "826701746432",
    "projectType": "traditional",
    "versionSf": "4.4.7",
    "serviceProviderAwsCfStackName": "aws-python-flask-book-api-dev",
    "integrations": {},
    "serviceUniqueId": "arn:aws:cloudformation:us-east-1:826701746432:stack/aws-python-flask-book-api-dev/7660c290-9d97-11ef-95ba-12aedc73d27f",
    "serviceProviderAwsCfStackId": "arn:aws:cloudformation:us-east-1:826701746432:stack/aws-python-flask-book-api-dev/7660c290-9d97-11ef-95ba-12aedc73d27f",
    "serviceProviderAwsCfStackCreated": "2024-11-08T06:05:32.458Z",
    "serviceProviderAwsCfStackUpdated": "2024-11-08T06:09:25.129Z",
    "serviceProviderAwsCfStackStatus": "UPDATE_COMPLETE",
    "serviceProviderAwsCfStackOutputs": [
      {
        "OutputKey": "ApiLambdaFunctionQualifiedArn",
        "OutputValue": "arn:aws:lambda:us-east-1:826701746432:function:aws-python-flask-book-api-dev-api:2",
        "Description": "Current Lambda function version",
        "ExportName": "sls-aws-python-flask-book-api-dev-ApiLambdaFunctionQualifiedArn"
      },
      {
        "OutputKey": "ServiceEndpoint",
        "OutputValue": "https://rcwoleyvig.execute-api.us-east-1.amazonaws.com/dev",
        "Description": "URL of the service endpoint",
        "ExportName": "sls-aws-python-flask-book-api-dev-ServiceEndpoint"
      },
      {
        "OutputKey": "ServerlessDeploymentBucketName",
        "OutputValue": "serverless-framework-deployments-us-east-1-673e69d0-e938",
        "ExportName": "sls-aws-python-flask-book-api-dev-ServerlessDeploymentBucketName"
      }
    ]
  }
}